{
  "threshold": 0.6899999999999997,
  "validation_stats": {
    "threshold": 0.6899999999999997,
    "precision": 1.0,
    "recall": 0.8867924528301887,
    "f1": 0.94,
    "fpr": 0.0,
    "tn": 63,
    "fp": 0,
    "fn": 6,
    "tp": 47
  }
}